<?xml version="1.0" encoding="UTF-8"?>
<!DOCTYPE suite SYSTEM "https://testng.org/testng-1.0.dtd">
<suite thread-count="5" name="Suite" parallel="tests">

  <test thread-count="5" name="Test_French" verbose="5">
  <parameter name="language" value="French"></parameter>
    <classes>
      <class name="testcase.LoginAndLogout"/>
      <class name="testcase.VerifyLogin"/>
    </classes>
  </test> <!-- Test -->
  
  <test  name="Test_English"  verbose="5">
  <parameter name="language" value="English"></parameter>
    <classes>
      <class name="testcase.LoginAndLogout"/>
      <class name="testcase.VerifyLogin"/>
    </classes>
  </test> <!-- Test -->
  
</suite> <!-- Suite -->
